{"cameraMode":{"drawMode":0,"name":"Shaded","section":"Shading Mode"},"sceneLighting":true,"audioPlay":false,"sceneViewState":{"m_AlwaysRefresh":false,"showFog":true,"showSkybox":true,"showFlares":true,"showImageEffects":false,"showParticleSystems":true,"showVisualEffectGraphs":true,"m_FxEnabled":true},"in2DMode":false,"pivot":{"x":13.076356887817383,"y":-15.29770565032959,"z":-3.7845752239227297},"rotation":{"x":0.07181360572576523,"y":-0.8350573182106018,"z":0.5338488221168518,"w":0.11240463703870774},"size":15.236322402954102,"orthographic":false}