{"cameraMode":{"drawMode":0,"name":"Shaded","section":"Shading Mode"},"sceneLighting":true,"audioPlay":false,"sceneViewState":{"m_AlwaysRefresh":false,"showFog":true,"showSkybox":true,"showFlares":true,"showImageEffects":false,"showParticleSystems":true,"showVisualEffectGraphs":true,"m_FxEnabled":true},"in2DMode":false,"pivot":{"x":-0.06000000238418579,"y":1.005000114440918,"z":-17.690000534057618},"rotation":{"x":0.37609216570854189,"y":-0.5939469933509827,"z":0.3665468990802765,"w":0.6094889640808106},"size":3.0952913761138918,"orthographic":true}